{
  "project_info": {
    "project_number": "239775155499",
    "project_id": "streamzone-56fa4",
    "storage_bucket": "streamzone-56fa4.firebasestorage.app"
  },
  "client": [
    {
      "client_info": {
        "mobilesdk_app_id": "1:239775155499:android:b205b89b5c588baeb6716e",
        "android_client_info": {
          "package_name": "com.example.streamzone"
        }
      },
      "oauth_client": [],
      "api_key": [
        {
          "current_key": "AIzaSyBMZmQvvyK9WY9cyI7M9c5CESY5njBWo7A"
        }
      ],
      "services": {
        "appinvite_service": {
          "other_platform_oauth_client": []
        }
      }
    }
  ],
  "configuration_version": "1"
}